username,first_name,last_name,phone,age,gender,country,password
krawson0,,Rawson,+725-768-7890,12,M,Greece,pass123
bhuller1,Brian,Huller,+650-237-1462,100,F,Greece,password123
pkaysor2,Paula,,+218-740-7046,,F,,secret
hsnook3,Henry,Snook,+318-285-8205,,M,Italy,pwd456
croostan4,Craig,Roostan,,23,,Germany,mypassword
mmerwe5,Marys,,,,F,South Africa,userpass
btonnesen6,Brandon,Tonnesen,+305-669-0579,,M,Mexico,123456
mhodgkin7,Martha,Hodgkin,+209-471-0798,,F,Australia,pass321
lbrazel8,Lisa,Brazel,+719-476-8016,35,F,Canada,abcdef
spawle9,Steve,Pawle,+401-221-0209,45,M,United Kingdom,passpass
ddegregorioa,,De Gregorio,+618-478-3744,28,M,,qwerty
bjukubicb,Brian,Jukubic,+847-829-3374,31,,Poland,testing
pimlockc,Paul,Imlock,+559-348-1183,39,M,Spain,securepass
srouselld,Scott,Rousell,+313-267-3569,42,M,France,password1
lthickpene,Lisa,,+585-563-2719,27,,Japan,mypass123
smcgrowtherf,Stephenie,,+843-207-3547,29,F,Brazil,pass567
mcuddyg,Michael,Cuddy,+406-460-7331,56,M,Canada,pass1234
jatleyh,Julie,Atley,+615-681-5477,41,F,United States,abc123
rkynastoni,Ronald,Kynaston,+915-923-5855,24,M,Mexico,xyz789
jellybeans,Tom,Kynaston,+915-923-5234,28,M,Mexico,letmein